{"ISA":{"0":"ADD","1":"LB","2":"SLL","3":"JALR","4":"SW","5":"AUIPC","6":"OR","7":"LUI","8":"XOR","9":"SLT","10":"SRAI","11":"SH","12":"SLTIU","13":"BEQ","14":"XORI","15":"SRLI","16":"ADDI","17":"BNE","18":"SLTI","19":"AND"},"Generated Line":{"0":3341.0,"1":3349.0,"2":3341.0,"3":3341.0,"4":3240.0,"5":3341.0,"6":3341.0,"7":3341.0,"8":3341.0,"9":3341.0,"10":3341.0,"11":3240.0,"12":3341.0,"13":3213.0,"14":3341.0,"15":3341.0,"16":3341.0,"17":3213.0,"18":3341.0,"19":3341.0},"Reduced Workload(%)":{"0":28.0732711537,"1":28.3189582276,"2":28.0638387232,"3":28.3929633721,"4":27.680478428,"5":28.7052152247,"6":28.0732711537,"7":28.7101486637,"8":28.0732711537,"9":28.0638387232,"10":28.3640376942,"11":27.6050097981,"12":28.3736730361,"13":27.5486581497,"14":28.3833149265,"15":28.3640376942,"16":28.3833149265,"17":27.5439348478,"18":28.3736730361,"19":28.0732711537},"generated reg":{"0":187.0,"1":187.0,"2":187.0,"3":187.0,"4":190.0,"5":187.0,"6":187.0,"7":187.0,"8":187.0,"9":187.0,"10":187.0,"11":190.0,"12":187.0,"13":187.0,"14":187.0,"15":187.0,"16":187.0,"17":187.0,"18":187.0,"19":187.0}}