{"ISA":{"0":"ADD","1":"LB","2":"SLL","3":"JALR","4":"SW","5":"AUIPC","6":"OR","7":"LUI","8":"XOR","9":"SLT","10":"SRAI","11":"SH","12":"SLTIU","13":"BEQ","14":"XORI","15":"SRLI","16":"ADDI","17":"BNE","18":"SLTI","19":"AND","20":"SRA","21":"BGE","22":"BGEU","23":"LH","24":"SLLI","25":"BLTU","26":"JAL","27":"LHU","28":"ANDI","29":"SUB","30":"SRL","31":"BLT","32":"SLTU","33":"LBU","34":"SB","35":"LW","36":"ORI"},"Generated Line":{"0":3341.0,"1":3349.0,"2":3341.0,"3":3341.0,"4":3240.0,"5":3341.0,"6":3341.0,"7":3341.0,"8":3341.0,"9":3341.0,"10":3341.0,"11":3240.0,"12":3341.0,"13":3213.0,"14":3341.0,"15":3341.0,"16":3341.0,"17":3213.0,"18":3341.0,"19":3341.0,"20":3341.0,"21":3213.0,"22":3213.0,"23":3349.0,"24":3341.0,"25":3213.0,"26":3341.0,"27":3349.0,"28":3341.0,"29":3341.0,"30":3341.0,"31":3213.0,"32":3341.0,"33":3349.0,"34":3240.0,"35":3349.0,"36":3341.0},"Reduced Workload(%)":{"0":28.0732711537,"1":28.3189582276,"2":28.0638387232,"3":28.3929633721,"4":27.680478428,"5":28.7052152247,"6":28.0732711537,"7":28.7101486637,"8":28.0732711537,"9":28.0638387232,"10":28.3640376942,"11":27.6050097981,"12":28.3736730361,"13":27.5486581497,"14":28.3833149265,"15":28.3640376942,"16":28.3833149265,"17":27.5439348478,"18":28.3736730361,"19":28.0732711537,"20":28.0638387232,"21":27.5392131653,"22":27.5392131653,"23":28.3525228581,"24":28.3640376942,"25":27.5486581497,"26":28.6707285678,"27":28.3525228581,"28":28.3833149265,"29":28.0732711537,"30":28.0638387232,"31":27.5486581497,"32":28.0638387232,"33":28.3189582276,"34":27.5159235669,"35":28.386167147,"36":28.3833149265},"generated reg":{"0":187.0,"1":187.0,"2":187.0,"3":187.0,"4":190.0,"5":187.0,"6":187.0,"7":187.0,"8":187.0,"9":187.0,"10":187.0,"11":190.0,"12":187.0,"13":187.0,"14":187.0,"15":187.0,"16":187.0,"17":187.0,"18":187.0,"19":187.0,"20":187.0,"21":187.0,"22":187.0,"23":187.0,"24":187.0,"25":187.0,"26":187.0,"27":187.0,"28":187.0,"29":187.0,"30":187.0,"31":187.0,"32":187.0,"33":187.0,"34":190.0,"35":187.0,"36":187.0}}